Q_Number,Question,User,Detailed_Results,333_Summary,111_Summary,33_Summary,Theme01,Theme01_Confidence,Theme2_9,Theme2_9_Confidence,Theme2_6,Theme2_6_Confidence,Theme2_3,Theme2_3_Confidence
Q-001,"What are your thoughts on AI, both good and bad?",User_001,AI can perpetuate existing biases- making decisions that favor certain groups over others.,AI can perpetuate existing biases- making decisions that favor certain groups over others.,AI can perpetuate existing biases- making decisions that favor certain groups over others.,AI can perpetuate existing biases- making decisions that favor certain groups over others.,Risk & Concerns,95%,Bias Amplification,90%,Bias Amplification,92%,Bias Amplification,88%
Q-001,"What are your thoughts on AI, both good and bad?",User_002,Over-reliance on AI may reduce human critical thinking and problem-solving abilities.,Over-reliance on AI may reduce human critical thinking and problem-solving abilities.,Over-reliance on AI may reduce human critical thinking and problem-solving abilities.,Over-reliance on AI may reduce human critical thinking and problem-solving abilities.,Risk & Concerns,92%,Job Loss,85%,Job Loss,87%,Job Loss,90%
Q-001,"What are your thoughts on AI, both good and bad?",User_003,AI could replace jobs- leading to unemployment and economic disparity.,AI could replace jobs- leading to unemployment and economic disparity.,AI could replace jobs- leading to unemployment and economic disparity.,AI could replace jobs- leading to unemployment and economic disparity.,Risk & Concerns,98%,Job Loss,95%,Job Loss,96%,Job Loss,94%
Q-001,"What are your thoughts on AI, both good and bad?",User_004,The ethics of AI decision-making remain questionable- especially in healthcare and criminal justice.,The ethics of AI decision-making remain questionable- especially in healthcare and criminal justice.,The ethics of AI decision-making remain questionable- especially in healthcare and criminal justice.,The ethics of AI decision-making remain questionable- especially in healthcare and criminal justice.,Risk & Concerns,90%,Ethical Dilemmas,88%,Ethical Dilemmas,89%,Ethical Dilemmas,87%
Q-001,"What are your thoughts on AI, both good and bad?",User_005,AIs decision-making process is often opaque- leading to a -black box- phenomenon.,AIs decision-making process is often opaque- leading to a -black box- phenomenon.,AIs decision-making process is often opaque- leading to a -black box- phenomenon.,AIs decision-making process is often opaque- leading to a -black box- phenomenon.,Risk & Concerns,93%,Opacity Issues,91%,Opacity Issues,92%,Bias Amplification,90%
Q-001,"What are your thoughts on AI, both good and bad?",User_006,Without proper regulations- AI might be used in harmful ways by malicious actors.,Without proper regulations- AI might be used in harmful ways by malicious actors.,Without proper regulations- AI might be used in harmful ways by malicious actors.,Without proper regulations- AI might be used in harmful ways by malicious actors.,Risk & Concerns,94%,Regulation Gaps,92%,Regulation Gaps,93%,Ethical Dilemmas,91%
Q-001,"What are your thoughts on AI, both good and bad?",User_007,AI technologies can be prone to errors- especially when interpreting complex data.,AI technologies can be prone to errors- especially when interpreting complex data.,AI technologies can be prone to errors- especially when interpreting complex data.,AI technologies can be prone to errors- especially when interpreting complex data.,Risk & Concerns,89%,Error Vulnerability,87%,Error Vulnerability,88%,Job Loss,86%
Q-001,"What are your thoughts on AI, both good and bad?",User_008,There's a potential for AI to be used in surveillance- infringing on privacy rights.,There's a potential for AI to be used in surveillance- infringing on privacy rights.,There's a potential for AI to be used in surveillance- infringing on privacy rights.,There's a potential for AI to be used in surveillance- infringing on privacy rights.,Risk & Concerns,96%,Surveillance Risks,94%,Regulation Gaps,95%,Ethical Dilemmas,93%
Q-001,"What are your thoughts on AI, both good and bad?",User_009,Autonomous AI weapons could make warfare even more unpredictable and deadly.,Autonomous AI weapons could make warfare even more unpredictable and deadly.,Autonomous AI weapons could make warfare even more unpredictable and deadly.,Autonomous AI weapons could make warfare even more unpredictable and deadly.,Risk & Concerns,97%,Weaponization Dangers,95%,Ethical Dilemmas,96%,Ethical Dilemmas,94%
Q-001,"What are your thoughts on AI, both good and bad?",User_010,AI may reinforce societal stereotypes if trained on biased data.,AI may reinforce societal stereotypes if trained on biased data.,AI may reinforce societal stereotypes if trained on biased data.,AI may reinforce societal stereotypes if trained on biased data.,Risk & Concerns,91%,Stereotype Reinforcement,89%,Bias Amplification,90%,Bias Amplification,88%
Q-001,"What are your thoughts on AI, both good and bad?",User_011,Deepfake technologies can manipulate media- potentially spreading misinformation.,Deepfake technologies can manipulate media- potentially spreading misinformation.,Deepfake technologies can manipulate media- potentially spreading misinformation.,Deepfake technologies can manipulate media- potentially spreading misinformation.,Risk & Concerns,93%,Weaponization Dangers,91%,Error Vulnerability,92%,Bias Amplification,90%
Q-001,"What are your thoughts on AI, both good and bad?",User_012,AI can be expensive to implement and maintain- potentially widening the technological divide.,AI can be expensive to implement and maintain- potentially widening the technological divide.,AI can be expensive to implement and maintain- potentially widening the technological divide.,AI can be expensive to implement and maintain- potentially widening the technological divide.,Risk & Concerns,88%,Regulation Gaps,86%,Regulation Gaps,87%,Job Loss,85%
Q-001,"What are your thoughts on AI, both good and bad?",User_013,Without proper safeguards- AI can be hacked and misused.,Without proper safeguards- AI can be hacked and misused.,Without proper safeguards- AI can be hacked and misused.,Without proper safeguards- AI can be hacked and misused.,Risk & Concerns,92%,Error Vulnerability,90%,Regulation Gaps,91%,Ethical Dilemmas,89%
Q-001,"What are your thoughts on AI, both good and bad?",User_014,AIs rapid advancement might outpace our ability to establish ethical guidelines.,AIs rapid advancement might outpace our ability to establish ethical guidelines.,AIs rapid advancement might outpace our ability to establish ethical guidelines.,AIs rapid advancement might outpace our ability to establish ethical guidelines.,Risk & Concerns,94%,Ethical Dilemmas,92%,Ethical Dilemmas,93%,Ethical Dilemmas,91%
Q-001,"What are your thoughts on AI, both good and bad?",User_015,The potential misuse of AI in predictive policing can target innocent individuals.,The potential misuse of AI in predictive policing can target innocent individuals.,The potential misuse of AI in predictive policing can target innocent individuals.,The potential misuse of AI in predictive policing can target innocent individuals.,Risk & Concerns,95%,Surveillance Risks,93%,Bias Amplification,94%,Bias Amplification,92%
Q-001,"What are your thoughts on AI, both good and bad?",User_016,Over-automation might lead to a loss of essential human skills.,Over-automation might lead to a loss of essential human skills.,Over-automation might lead to a loss of essential human skills.,Over-automation might lead to a loss of essential human skills.,Risk & Concerns,90%,Job Loss,88%,Job Loss,89%,Job Loss,87%
Q-001,"What are your thoughts on AI, both good and bad?",User_017,AI might develop unintended behaviors if not properly trained or controlled.,AI might develop unintended behaviors if not properly trained or controlled.,AI might develop unintended behaviors if not properly trained or controlled.,AI might develop unintended behaviors if not properly trained or controlled.,Risk & Concerns,91%,Error Vulnerability,89%,Error Vulnerability,90%,Ethical Dilemmas,88%
Q-001,"What are your thoughts on AI, both good and bad?",User_018,There's a risk of AI monopolies- with a few companies controlling AIs future.,There's a risk of AI monopolies- with a few companies controlling AIs future.,There's a risk of AI monopolies- with a few companies controlling AIs future.,There's a risk of AI monopolies- with a few companies controlling AIs future.,Risk & Concerns,89%,Regulation Gaps,87%,Regulation Gaps,88%,Job Loss,86%
Q-001,"What are your thoughts on AI, both good and bad?",User_019,AI systems can become overly complex- making them hard to manage or correct.,AI systems can become overly complex- making them hard to manage or correct.,AI systems can become overly complex- making them hard to manage or correct.,AI systems can become overly complex- making them hard to manage or correct.,Risk & Concerns,93%,Opacity Issues,91%,Opacity Issues,92%,Ethical Dilemmas,90%
Q-001,"What are your thoughts on AI, both good and bad?",User_020,Emotional AI might lead to manipulative technologies- affecting user decisions.,Emotional AI might lead to manipulative technologies- affecting user decisions.,Emotional AI might lead to manipulative technologies- affecting user decisions.,Emotional AI might lead to manipulative technologies- affecting user decisions.,Risk & Concerns,92%,Ethical Dilemmas,90%,Ethical Dilemmas,91%,Ethical Dilemmas,89%
Q-001,"What are your thoughts on AI, both good and bad?",User_021,AI can be used to spread propaganda or biased news at scale.,AI can be used to spread propaganda or biased news at scale.,AI can be used to spread propaganda or biased news at scale.,AI can be used to spread propaganda or biased news at scale.,Risk & Concerns,94%,Bias Amplification,92%,Bias Amplification,93%,Bias Amplification,91%
Q-001,"What are your thoughts on AI, both good and bad?",User_022,The environmental impact of training large AI models is a growing concern.,The environmental impact of training large AI models is a growing concern.,The environmental impact of training large AI models is a growing concern.,The environmental impact of training large AI models is a growing concern.,Risk & Concerns,90%,Regulation Gaps,88%,Ethical Dilemmas,89%,Ethical Dilemmas,87%
Q-001,"What are your thoughts on AI, both good and bad?",User_023,AI might be used to impersonate individuals- leading to fraud.,AI might be used to impersonate individuals- leading to fraud.,AI might be used to impersonate individuals- leading to fraud.,AI might be used to impersonate individuals- leading to fraud.,Risk & Concerns,95%,Weaponization Dangers,93%,Error Vulnerability,94%,Bias Amplification,92%
Q-001,"What are your thoughts on AI, both good and bad?",User_024,Data privacy concerns arise when AI analyzes vast amounts of personal information.,Data privacy concerns arise when AI analyzes vast amounts of personal information.,Data privacy concerns arise when AI analyzes vast amounts of personal information.,Data privacy concerns arise when AI analyzes vast amounts of personal information.,Risk & Concerns,96%,Surveillance Risks,94%,Regulation Gaps,95%,Ethical Dilemmas,93%
Q-001,"What are your thoughts on AI, both good and bad?",User_025,Without human oversight- AI decisions might lack empathy or moral reasoning.,Without human oversight- AI decisions might lack empathy or moral reasoning.,Without human oversight- AI decisions might lack empathy or moral reasoning.,Without human oversight- AI decisions might lack empathy or moral reasoning.,Risk & Concerns,91%,Ethical Dilemmas,89%,Ethical Dilemmas,90%,Ethical Dilemmas,88%
Q-001,"What are your thoughts on AI, both good and bad?",User_026,AI can magnify existing social inequalities if not developed inclusively.,AI can magnify existing social inequalities if not developed inclusively.,AI can magnify existing social inequalities if not developed inclusively.,AI can magnify existing social inequalities if not developed inclusively.,Risk & Concerns,93%,Bias Amplification,91%,Bias Amplification,92%,Bias Amplification,90%
Q-001,"What are your thoughts on AI, both good and bad?",User_027,The fast pace of AI development might lead to unforeseen societal impacts.,The fast pace of AI development might lead to unforeseen societal impacts.,The fast pace of AI development might lead to unforeseen societal impacts.,The fast pace of AI development might lead to unforeseen societal impacts.,Risk & Concerns,89%,Regulation Gaps,87%,Regulation Gaps,88%,Job Loss,86%
Q-001,"What are your thoughts on AI, both good and bad?",User_028,AIs potential to become too autonomous raises concerns about human control.,AIs potential to become too autonomous raises concerns about human control.,AIs potential to become too autonomous raises concerns about human control.,AIs potential to become too autonomous raises concerns about human control.,Risk & Concerns,94%,Weaponization Dangers,92%,Ethical Dilemmas,93%,Ethical Dilemmas,91%
Q-001,"What are your thoughts on AI, both good and bad?",User_029,AI in healthcare might make incorrect diagnoses- impacting patient treatment.,AI in healthcare might make incorrect diagnoses- impacting patient treatment.,AI in healthcare might make incorrect diagnoses- impacting patient treatment.,AI in healthcare might make incorrect diagnoses- impacting patient treatment.,Risk & Concerns,92%,Error Vulnerability,90%,Error Vulnerability,91%,Bias Amplification,89%
Q-001,"What are your thoughts on AI, both good and bad?",User_030,There's a risk that AIs recommendations might be biased towards commercial interests.,There's a risk that AIs recommendations might be biased towards commercial interests.,There's a risk that AIs recommendations might be biased towards commercial interests.,There's a risk that AIs recommendations might be biased towards commercial interests.,Risk & Concerns,90%,Bias Amplification,88%,Bias Amplification,89%,Bias Amplification,87%
Q-001,"What are your thoughts on AI, both good and bad?",User_031,Efficiency: AI automates repetitive tasks- increasing productivity- reducing errors- and allowing faster decision-making.,Efficiency: AI automates repetitive tasks- increasing productivity- reducing errors- and allowing faster decision-making.,Efficiency: AI automates repetitive tasks- increasing productivity- reducing errors- and allowing faster decision-making.,Efficiency: AI automates repetitive tasks- increasing productivity- reducing errors- and allowing faster decision-making.,Supporting Comments,97%,Efficiency Boost,95%,Efficiency Boost,96%,Efficiency Boost,94%
Q-001,"What are your thoughts on AI, both good and bad?",User_032,Data Analysis: AI can process vast amounts of data- uncovering patterns and insights beyond human capabilities.,Data Analysis: AI can process vast amounts of data- uncovering patterns and insights beyond human capabilities.,Data Analysis: AI can process vast amounts of data- uncovering patterns and insights beyond human capabilities.,Data Analysis: AI can process vast amounts of data- uncovering patterns and insights beyond human capabilities.,Supporting Comments,95%,Financial Optimization,93%,Financial Optimization,94%,Efficiency Boost,92%
Q-001,"What are your thoughts on AI, both good and bad?",User_033,Personalization: AI customizes user experiences- tailoring services and content to individual preferences.,Personalization: AI customizes user experiences- tailoring services and content to individual preferences.,Personalization: AI customizes user experiences- tailoring services and content to individual preferences.,Personalization: AI customizes user experiences- tailoring services and content to individual preferences.,Supporting Comments,96%,Personalized Learning,94%,Personalized Learning,95%,Personalized Learning,93%
Q-001,"What are your thoughts on AI, both good and bad?",User_034,Medical Advancements: AI aids in diagnosis- drug discovery- and personalized treatment plans- enhancing healthcare outcomes.,Medical Advancements: AI aids in diagnosis- drug discovery- and personalized treatment plans- enhancing healthcare outcomes.,Medical Advancements: AI aids in diagnosis- drug discovery- and personalized treatment plans- enhancing healthcare outcomes.,Medical Advancements: AI aids in diagnosis- drug discovery- and personalized treatment plans- enhancing healthcare outcomes.,Supporting Comments,98%,Healthcare Aid,96%,Healthcare Aid,97%,Healthcare Aid,95%
Q-001,"What are your thoughts on AI, both good and bad?",User_035,Safety: AI-driven surveillance and anomaly detection enhance security in public spaces and digital platforms.,Safety: AI-driven surveillance and anomaly detection enhance security in public spaces and digital platforms.,Safety: AI-driven surveillance and anomaly detection enhance security in public spaces and digital platforms.,Safety: AI-driven surveillance and anomaly detection enhance security in public spaces and digital platforms.,Supporting Comments,93%,Transportation Safety,91%,Transportation Safety,92%,Efficiency Boost,90%
Q-001,"What are your thoughts on AI, both good and bad?",User_036,Accessibility: AI tools help differently-abled individuals- enabling voice-to-text solutions and visual recognition for the blind.,Accessibility: AI tools help differently-abled individuals- enabling voice-to-text solutions and visual recognition for the blind.,Accessibility: AI tools help differently-abled individuals- enabling voice-to-text solutions and visual recognition for the blind.,Accessibility: AI tools help differently-abled individuals- enabling voice-to-text solutions and visual recognition for the blind.,Supporting Comments,94%,Personalized Learning,92%,Personalized Learning,93%,Personalized Learning,91%
Q-001,"What are your thoughts on AI, both good and bad?",User_037,Economic Growth: AI generates new job categories- boosting industries and contributing to economic expansion.,Economic Growth: AI generates new job categories- boosting industries and contributing to economic expansion.,Economic Growth: AI generates new job categories- boosting industries and contributing to economic expansion.,Economic Growth: AI generates new job categories- boosting industries and contributing to economic expansion.,Supporting Comments,92%,Innovation Driver,90%,Financial Optimization,91%,Efficiency Boost,89%
Q-001,"What are your thoughts on AI, both good and bad?",User_038,Environment: AI optimizes energy usage- predicts environmental threats- and aids in conservation efforts.,Environment: AI optimizes energy usage- predicts environmental threats- and aids in conservation efforts.,Environment: AI optimizes energy usage- predicts environmental threats- and aids in conservation efforts.,Environment: AI optimizes energy usage- predicts environmental threats- and aids in conservation efforts.,Supporting Comments,95%,Environmental Monitoring,93%,Environmental Monitoring,94%,Efficiency Boost,92%
Q-001,"What are your thoughts on AI, both good and bad?",User_039,Transportation: AI powers autonomous vehicles- ensuring safer roads and efficient traffic management.,Transportation: AI powers autonomous vehicles- ensuring safer roads and efficient traffic management.,Transportation: AI powers autonomous vehicles- ensuring safer roads and efficient traffic management.,Transportation: AI powers autonomous vehicles- ensuring safer roads and efficient traffic management.,Supporting Comments,96%,Transportation Safety,94%,Transportation Safety,95%,Efficiency Boost,93%
Q-001,"What are your thoughts on AI, both good and bad?",User_040,Learning: AI personalizes education- helping students learn at their own pace and optimizing curriculum delivery.,Learning: AI personalizes education- helping students learn at their own pace and optimizing curriculum delivery.,Learning: AI personalizes education- helping students learn at their own pace and optimizing curriculum delivery.,Learning: AI personalizes education- helping students learn at their own pace and optimizing curriculum delivery.,Supporting Comments,94%,Personalized Learning,92%,Personalized Learning,93%,Personalized Learning,91%
Q-001,"What are your thoughts on AI, both good and bad?",User_041,Agriculture: AI predicts crop yields- automates farming tasks- and monitors soil health- revolutionizing agriculture.,Agriculture: AI predicts crop yields- automates farming tasks- and monitors soil health- revolutionizing agriculture.,Agriculture: AI predicts crop yields- automates farming tasks- and monitors soil health- revolutionizing agriculture.,Agriculture: AI predicts crop yields- automates farming tasks- and monitors soil health- revolutionizing agriculture.,Supporting Comments,93%,Environmental Monitoring,91%,Efficiency Boost,92%,Efficiency Boost,90%
Q-001,"What are your thoughts on AI, both good and bad?",User_042,Communication: AI-driven translators break language barriers- fostering global collaboration and understanding.,Communication: AI-driven translators break language barriers- fostering global collaboration and understanding.,Communication: AI-driven translators break language barriers- fostering global collaboration and understanding.,Communication: AI-driven translators break language barriers- fostering global collaboration and understanding.,Supporting Comments,95%,Innovation Driver,93%,Personalized Learning,94%,Efficiency Boost,92%
Q-001,"What are your thoughts on AI, both good and bad?",User_043,Entertainment: AI recommends content- enhances graphics- and creates music- revolutionizing entertainment industries.,Entertainment: AI recommends content- enhances graphics- and creates music- revolutionizing entertainment industries.,Entertainment: AI recommends content- enhances graphics- and creates music- revolutionizing entertainment industries.,Entertainment: AI recommends content- enhances graphics- and creates music- revolutionizing entertainment industries.,Supporting Comments,92%,Innovation Driver,90%,Personalized Learning,91%,Personalized Learning,89%
Q-001,"What are your thoughts on AI, both good and bad?",User_044,Financial Services: AI detects fraud- manages risks- and personalizes banking for better financial management.,Financial Services: AI detects fraud- manages risks- and personalizes banking for better financial management.,Financial Services: AI detects fraud- manages risks- and personalizes banking for better financial management.,Financial Services: AI detects fraud- manages risks- and personalizes banking for better financial management.,Supporting Comments,94%,Financial Optimization,92%,Financial Optimization,93%,Efficiency Boost,91%
Q-001,"What are your thoughts on AI, both good and bad?",User_045,Research: AI accelerates scientific discoveries by processing complex datasets and simulating experiments.,Research: AI accelerates scientific discoveries by processing complex datasets and simulating experiments.,Research: AI accelerates scientific discoveries by processing complex datasets and simulating experiments.,Research: AI accelerates scientific discoveries by processing complex datasets and simulating experiments.,Supporting Comments,96%,Innovation Driver,94%,Efficiency Boost,95%,Efficiency Boost,93%
Q-001,"What are your thoughts on AI, both good and bad?",User_046,Resource Management: AI optimizes supply chain- inventory- and energy utilization- reducing waste.,Resource Management: AI optimizes supply chain- inventory- and energy utilization- reducing waste.,Resource Management: AI optimizes supply chain- inventory- and energy utilization- reducing waste.,Resource Management: AI optimizes supply chain- inventory- and energy utilization- reducing waste.,Supporting Comments,93%,Financial Optimization,91%,Efficiency Boost,92%,Efficiency Boost,90%
Q-001,"What are your thoughts on AI, both good and bad?",User_047,E-commerce: AI enhances user experience- predicting preferences- and streamlining shopping processes.,E-commerce: AI enhances user experience- predicting preferences- and streamlining shopping processes.,E-commerce: AI enhances user experience- predicting preferences- and streamlining shopping processes.,E-commerce: AI enhances user experience- predicting preferences- and streamlining shopping processes.,Supporting Comments,95%,E-commerce Personalization,93%,Personalized Learning,94%,Personalized Learning,92%
Q-001,"What are your thoughts on AI, both good and bad?",User_048,Manufacturing: AI-driven robots increase precision- reduce defects- and automate assembly lines.,Manufacturing: AI-driven robots increase precision- reduce defects- and automate assembly lines.,Manufacturing: AI-driven robots increase precision- reduce defects- and automate assembly lines.,Manufacturing: AI-driven robots increase precision- reduce defects- and automate assembly lines.,Supporting Comments,94%,Manufacturing Precision,92%,Efficiency Boost,93%,Efficiency Boost,91%
Q-001,"What are your thoughts on AI, both good and bad?",User_049,Disaster Response: AI predicts natural disasters- optimizing emergency response and resource allocation.,Disaster Response: AI predicts natural disasters- optimizing emergency response and resource allocation.,Disaster Response: AI predicts natural disasters- optimizing emergency response and resource allocation.,Disaster Response: AI predicts natural disasters- optimizing emergency response and resource allocation.,Supporting Comments,96%,Environmental Monitoring,94%,Environmental Monitoring,95%,Efficiency Boost,93%
Q-001,"What are your thoughts on AI, both good and bad?",User_050,Customer Service: AI-driven chatbots provide 24/7 support- resolving queries promptly.,Customer Service: AI-driven chatbots provide 24/7 support- resolving queries promptly.,Customer Service: AI-driven chatbots provide 24/7 support- resolving queries promptly.,Customer Service: AI-driven chatbots provide 24/7 support- resolving queries promptly.,Supporting Comments,92%,Efficiency Boost,90%,Efficiency Boost,91%,Efficiency Boost,89%
Q-001,"What are your thoughts on AI, both good and bad?",User_051,Social Media: AI filters harmful content- recommends posts- and enhances user engagement online.,Social Media: AI filters harmful content- recommends posts- and enhances user engagement online.,Social Media: AI filters harmful content- recommends posts- and enhances user engagement online.,Social Media: AI filters harmful content- recommends posts- and enhances user engagement online.,Supporting Comments,93%,E-commerce Personalization,91%,Personalized Learning,92%,Personalized Learning,90%
Q-001,"What are your thoughts on AI, both good and bad?",User_052,Space Exploration: AI aids in satellite data interpretation and autonomous space mission operations.,Space Exploration: AI aids in satellite data interpretation and autonomous space mission operations.,Space Exploration: AI aids in satellite data interpretation and autonomous space mission operations.,Space Exploration: AI aids in satellite data interpretation and autonomous space mission operations.,Supporting Comments,95%,Innovation Driver,93%,Efficiency Boost,94%,Efficiency Boost,92%
Q-001,"What are your thoughts on AI, both good and bad?",User_053,Gaming: AI creates challenging opponents- develops realistic environments- and enhances gameplay experiences.,Gaming: AI creates challenging opponents- develops realistic environments- and enhances gameplay experiences.,Gaming: AI creates challenging opponents- develops realistic environments- and enhances gameplay experiences.,Gaming: AI creates challenging opponents- develops realistic environments- and enhances gameplay experiences.,Supporting Comments,94%,Innovation Driver,92%,Personalized Learning,93%,Personalized Learning,91%
Q-001,"What are your thoughts on AI, both good and bad?",User_054,Home Automation: AI-driven smart homes optimize energy- enhance security- and provide personalized experiences.,Home Automation: AI-driven smart homes optimize energy- enhance security- and provide personalized experiences.,Home Automation: AI-driven smart homes optimize energy- enhance security- and provide personalized experiences.,Home Automation: AI-driven smart homes optimize energy- enhance security- and provide personalized experiences.,Supporting Comments,96%,Transportation Safety,94%,Environmental Monitoring,95%,Efficiency Boost,93%
Q-001,"What are your thoughts on AI, both good and bad?",User_055,Travel: AI suggests personalized travel plans- predicts prices- and enhances booking experiences.,Travel: AI suggests personalized travel plans- predicts prices- and enhances booking experiences.,Travel: AI suggests personalized travel plans- predicts prices- and enhances booking experiences.,Travel: AI suggests personalized travel plans- predicts prices- and enhances booking experiences.,Supporting Comments,93%,Personalized Learning,91%,Personalized Learning,92%,Personalized Learning,90%
Q-001,"What are your thoughts on AI, both good and bad?",User_056,Shopping: AI-driven virtual try-ons- personalized suggestions- and price predictions enhance online shopping.,Shopping: AI-driven virtual try-ons- personalized suggestions- and price predictions enhance online shopping.,Shopping: AI-driven virtual try-ons- personalized suggestions- and price predictions enhance online shopping.,Shopping: AI-driven virtual try-ons- personalized suggestions- and price predictions enhance online shopping.,Supporting Comments,94%,E-commerce Personalization,92%,Personalized Learning,93%,Personalized Learning,91%
Q-001,"What are your thoughts on AI, both good and bad?",User_057,Weather Forecasting: AI predicts weather with higher accuracy- benefiting agriculture- travel- and daily activities.,Weather Forecasting: AI predicts weather with higher accuracy- benefiting agriculture- travel- and daily activities.,Weather Forecasting: AI predicts weather with higher accuracy- benefiting agriculture- travel- and daily activities.,Weather Forecasting: AI predicts weather with higher accuracy- benefiting agriculture- travel- and daily activities.,Supporting Comments,95%,Environmental Monitoring,93%,Environmental Monitoring,94%,Efficiency Boost,92%
Q-001,"What are your thoughts on AI, both good and bad?",User_058,Art: AI creates artworks- music compositions- and assists artists in creative processes.,Art: AI creates artworks- music compositions- and assists artists in creative processes.,Art: AI creates artworks- music compositions- and assists artists in creative processes.,Art: AI creates artworks- music compositions- and assists artists in creative processes.,Supporting Comments,92%,Innovation Driver,90%,Efficiency Boost,91%,Efficiency Boost,89%
Q-001,"What are your thoughts on AI, both good and bad?",User_059,Maintenance: AI predicts machinery wear and tear- scheduling timely maintenance and preventing breakdowns.,Maintenance: AI predicts machinery wear and tear- scheduling timely maintenance and preventing breakdowns.,Maintenance: AI predicts machinery wear and tear- scheduling timely maintenance and preventing breakdowns.,Maintenance: AI predicts machinery wear and tear- scheduling timely maintenance and preventing breakdowns.,Supporting Comments,94%,Manufacturing Precision,92%,Efficiency Boost,93%,Efficiency Boost,91%
Q-001,"What are your thoughts on AI, both good and bad?",User_060,Real Estate: AI predicts property values- recommends listings- and virtual tours- revolutionizing property buying.,Real Estate: AI predicts property values- recommends listings- and virtual tours- revolutionizing property buying.,Real Estate: AI predicts property values- recommends listings- and virtual tours- revolutionizing property buying.,Real Estate: AI predicts property values- recommends listings- and virtual tours- revolutionizing property buying.,Supporting Comments,93%,Financial Optimization,91%,Financial Optimization,92%,Efficiency Boost,90%
